<application>
  <component name="FileTypeManager" version="18">
    <extensionMap>
      <mapping ext="gradle.kts" type="Kotlin" />
      <mapping ext="main.kts" type="Kotlin" />
      <mapping pattern=".ideavimrc" type="PLAIN_TEXT" />
      <mapping pattern=".env.development.local.bak" type="PLAIN_TEXT" />
      <mapping pattern=".env.local.development" type="PLAIN_TEXT" />
      <mapping pattern=".env.development.local" type="PLAIN_TEXT" />
      <mapping pattern=".env.development" type="PLAIN_TEXT" />
      <mapping pattern=".env.sample" type="PLAIN_TEXT" />
      <mapping pattern=".env.local" type="PLAIN_TEXT" />
      <mapping ext="wasm" type="PLAIN_TEXT" />
      <mapping pattern=".analysis_options" type="YAML" />
      <removed_mapping ext="apk" approved="true" type="ARCHIVE" />
      <removed_mapping ext="env" approved="true" type="Env File" />
      <removed_mapping ext="ignore" approved="true" type="IgnoreLang file" />
      <removed_mapping ext="psd" approved="true" type="Image" />
      <removed_mapping pattern=".env" approved="true" type="PLAIN_TEXT" />
    </extensionMap>
  </component>
</application>