<application>
  <component name="FindSettings">
    <option name="customScope" value="All Places" />
    <option name="defaultScopeName" value="All Places" />
    <option name="SEARCH_SCOPE" value="All Places" />
    <option name="FILE_MASK" value="*.test.tsx" />
    <mask>*.xml</mask>
    <mask>*.jsp</mask>
    <mask>*.properties</mask>
    <mask>*.java</mask>
    <mask>*.cs</mask>
    <mask>*.test.ts</mask>
    <mask>*.tsx</mask>
    <mask>*.ts</mask>
    <mask>*.html</mask>
    <mask>*.js</mask>
    <mask>*.css</mask>
    <mask>*.scss</mask>
    <mask>*.test.tsx</mask>
  </component>
</application>