<application>
  <component name="ProjectJdkTable">
    <jdk version="2">
      <name value="1.8" />
      <type value="JavaSDK" />
      <version value="java version &quot;1.8.0_121&quot;" />
      <homePath value="C:/Program Files/Java/jdk1.8.0_121" />
      <roots>
        <annotationsPath>
          <root type="composite">
            <root url="jar://$APPLICATION_HOME_DIR$/plugins/java/lib/jdkAnnotations.jar!/" type="simple" />
          </root>
        </annotationsPath>
        <classPath>
          <root type="composite">
            <root url="jar://C:/Program Files/Java/jdk1.8.0_121/jre/lib/charsets.jar!/" type="simple" />
            <root url="jar://C:/Program Files/Java/jdk1.8.0_121/jre/lib/deploy.jar!/" type="simple" />
            <root url="jar://C:/Program Files/Java/jdk1.8.0_121/jre/lib/ext/access-bridge-64.jar!/" type="simple" />
            <root url="jar://C:/Program Files/Java/jdk1.8.0_121/jre/lib/ext/cldrdata.jar!/" type="simple" />
            <root url="jar://C:/Program Files/Java/jdk1.8.0_121/jre/lib/ext/dnsns.jar!/" type="simple" />
            <root url="jar://C:/Program Files/Java/jdk1.8.0_121/jre/lib/ext/jaccess.jar!/" type="simple" />
            <root url="jar://C:/Program Files/Java/jdk1.8.0_121/jre/lib/ext/jfxrt.jar!/" type="simple" />
            <root url="jar://C:/Program Files/Java/jdk1.8.0_121/jre/lib/ext/localedata.jar!/" type="simple" />
            <root url="jar://C:/Program Files/Java/jdk1.8.0_121/jre/lib/ext/nashorn.jar!/" type="simple" />
            <root url="jar://C:/Program Files/Java/jdk1.8.0_121/jre/lib/ext/sunec.jar!/" type="simple" />
            <root url="jar://C:/Program Files/Java/jdk1.8.0_121/jre/lib/ext/sunjce_provider.jar!/" type="simple" />
            <root url="jar://C:/Program Files/Java/jdk1.8.0_121/jre/lib/ext/sunmscapi.jar!/" type="simple" />
            <root url="jar://C:/Program Files/Java/jdk1.8.0_121/jre/lib/ext/sunpkcs11.jar!/" type="simple" />
            <root url="jar://C:/Program Files/Java/jdk1.8.0_121/jre/lib/ext/zipfs.jar!/" type="simple" />
            <root url="jar://C:/Program Files/Java/jdk1.8.0_121/jre/lib/javaws.jar!/" type="simple" />
            <root url="jar://C:/Program Files/Java/jdk1.8.0_121/jre/lib/jce.jar!/" type="simple" />
            <root url="jar://C:/Program Files/Java/jdk1.8.0_121/jre/lib/jfr.jar!/" type="simple" />
            <root url="jar://C:/Program Files/Java/jdk1.8.0_121/jre/lib/jfxswt.jar!/" type="simple" />
            <root url="jar://C:/Program Files/Java/jdk1.8.0_121/jre/lib/jsse.jar!/" type="simple" />
            <root url="jar://C:/Program Files/Java/jdk1.8.0_121/jre/lib/management-agent.jar!/" type="simple" />
            <root url="jar://C:/Program Files/Java/jdk1.8.0_121/jre/lib/plugin.jar!/" type="simple" />
            <root url="jar://C:/Program Files/Java/jdk1.8.0_121/jre/lib/resources.jar!/" type="simple" />
            <root url="jar://C:/Program Files/Java/jdk1.8.0_121/jre/lib/rt.jar!/" type="simple" />
          </root>
        </classPath>
        <javadocPath>
          <root type="composite" />
        </javadocPath>
        <sourcePath>
          <root type="composite">
            <root url="jar://C:/Program Files/Java/jdk1.8.0_121/src.zip!/" type="simple" />
            <root url="jar://C:/Program Files/Java/jdk1.8.0_121/javafx-src.zip!/" type="simple" />
          </root>
        </sourcePath>
      </roots>
      <additional />
    </jdk>
    <jdk version="2">
      <name value="1.8 (2)" />
      <type value="JavaSDK" />
      <version value="java version &quot;1.8.0_191&quot;" />
      <homePath value="C:/workspace/tools/jdk1.8.0_191" />
      <roots>
        <annotationsPath>
          <root type="composite">
            <root url="jar://$APPLICATION_HOME_DIR$/plugins/java/lib/jdkAnnotations.jar!/" type="simple" />
          </root>
        </annotationsPath>
        <classPath>
          <root type="composite">
            <root url="jar://C:/workspace/tools/jdk1.8.0_191/jre/lib/charsets.jar!/" type="simple" />
            <root url="jar://C:/workspace/tools/jdk1.8.0_191/jre/lib/deploy.jar!/" type="simple" />
            <root url="jar://C:/workspace/tools/jdk1.8.0_191/jre/lib/ext/access-bridge-64.jar!/" type="simple" />
            <root url="jar://C:/workspace/tools/jdk1.8.0_191/jre/lib/ext/cldrdata.jar!/" type="simple" />
            <root url="jar://C:/workspace/tools/jdk1.8.0_191/jre/lib/ext/dnsns.jar!/" type="simple" />
            <root url="jar://C:/workspace/tools/jdk1.8.0_191/jre/lib/ext/jaccess.jar!/" type="simple" />
            <root url="jar://C:/workspace/tools/jdk1.8.0_191/jre/lib/ext/jfxrt.jar!/" type="simple" />
            <root url="jar://C:/workspace/tools/jdk1.8.0_191/jre/lib/ext/localedata.jar!/" type="simple" />
            <root url="jar://C:/workspace/tools/jdk1.8.0_191/jre/lib/ext/nashorn.jar!/" type="simple" />
            <root url="jar://C:/workspace/tools/jdk1.8.0_191/jre/lib/ext/sunec.jar!/" type="simple" />
            <root url="jar://C:/workspace/tools/jdk1.8.0_191/jre/lib/ext/sunjce_provider.jar!/" type="simple" />
            <root url="jar://C:/workspace/tools/jdk1.8.0_191/jre/lib/ext/sunmscapi.jar!/" type="simple" />
            <root url="jar://C:/workspace/tools/jdk1.8.0_191/jre/lib/ext/sunpkcs11.jar!/" type="simple" />
            <root url="jar://C:/workspace/tools/jdk1.8.0_191/jre/lib/ext/zipfs.jar!/" type="simple" />
            <root url="jar://C:/workspace/tools/jdk1.8.0_191/jre/lib/javaws.jar!/" type="simple" />
            <root url="jar://C:/workspace/tools/jdk1.8.0_191/jre/lib/jce.jar!/" type="simple" />
            <root url="jar://C:/workspace/tools/jdk1.8.0_191/jre/lib/jfr.jar!/" type="simple" />
            <root url="jar://C:/workspace/tools/jdk1.8.0_191/jre/lib/jfxswt.jar!/" type="simple" />
            <root url="jar://C:/workspace/tools/jdk1.8.0_191/jre/lib/jsse.jar!/" type="simple" />
            <root url="jar://C:/workspace/tools/jdk1.8.0_191/jre/lib/management-agent.jar!/" type="simple" />
            <root url="jar://C:/workspace/tools/jdk1.8.0_191/jre/lib/plugin.jar!/" type="simple" />
            <root url="jar://C:/workspace/tools/jdk1.8.0_191/jre/lib/resources.jar!/" type="simple" />
            <root url="jar://C:/workspace/tools/jdk1.8.0_191/jre/lib/rt.jar!/" type="simple" />
          </root>
        </classPath>
        <javadocPath>
          <root type="composite" />
        </javadocPath>
        <sourcePath>
          <root type="composite">
            <root url="jar://C:/workspace/tools/jdk1.8.0_191/src.zip!/" type="simple" />
            <root url="jar://C:/workspace/tools/jdk1.8.0_191/javafx-src.zip!/" type="simple" />
          </root>
        </sourcePath>
      </roots>
      <additional />
    </jdk>
    <jdk version="2">
      <name value="11" />
      <type value="JavaSDK" />
      <version value="java version &quot;11.0.4&quot;" />
      <homePath value="/Library/Java/JavaVirtualMachines/amazon-corretto-11.jdk/Contents/Home" />
      <roots>
        <annotationsPath>
          <root type="composite">
            <root url="jar://$APPLICATION_HOME_DIR$/plugins/java/lib/jdkAnnotations.jar!/" type="simple" />
          </root>
        </annotationsPath>
        <classPath>
          <root type="composite">
            <root url="jrt:///Library/Java/JavaVirtualMachines/amazon-corretto-11.jdk/Contents/Home!/java.base" type="simple" />
            <root url="jrt:///Library/Java/JavaVirtualMachines/amazon-corretto-11.jdk/Contents/Home!/java.compiler" type="simple" />
            <root url="jrt:///Library/Java/JavaVirtualMachines/amazon-corretto-11.jdk/Contents/Home!/java.datatransfer" type="simple" />
            <root url="jrt:///Library/Java/JavaVirtualMachines/amazon-corretto-11.jdk/Contents/Home!/java.desktop" type="simple" />
            <root url="jrt:///Library/Java/JavaVirtualMachines/amazon-corretto-11.jdk/Contents/Home!/java.instrument" type="simple" />
            <root url="jrt:///Library/Java/JavaVirtualMachines/amazon-corretto-11.jdk/Contents/Home!/java.logging" type="simple" />
            <root url="jrt:///Library/Java/JavaVirtualMachines/amazon-corretto-11.jdk/Contents/Home!/java.management" type="simple" />
            <root url="jrt:///Library/Java/JavaVirtualMachines/amazon-corretto-11.jdk/Contents/Home!/java.management.rmi" type="simple" />
            <root url="jrt:///Library/Java/JavaVirtualMachines/amazon-corretto-11.jdk/Contents/Home!/java.naming" type="simple" />
            <root url="jrt:///Library/Java/JavaVirtualMachines/amazon-corretto-11.jdk/Contents/Home!/java.net.http" type="simple" />
            <root url="jrt:///Library/Java/JavaVirtualMachines/amazon-corretto-11.jdk/Contents/Home!/java.prefs" type="simple" />
            <root url="jrt:///Library/Java/JavaVirtualMachines/amazon-corretto-11.jdk/Contents/Home!/java.rmi" type="simple" />
            <root url="jrt:///Library/Java/JavaVirtualMachines/amazon-corretto-11.jdk/Contents/Home!/java.scripting" type="simple" />
            <root url="jrt:///Library/Java/JavaVirtualMachines/amazon-corretto-11.jdk/Contents/Home!/java.se" type="simple" />
            <root url="jrt:///Library/Java/JavaVirtualMachines/amazon-corretto-11.jdk/Contents/Home!/java.security.jgss" type="simple" />
            <root url="jrt:///Library/Java/JavaVirtualMachines/amazon-corretto-11.jdk/Contents/Home!/java.security.sasl" type="simple" />
            <root url="jrt:///Library/Java/JavaVirtualMachines/amazon-corretto-11.jdk/Contents/Home!/java.smartcardio" type="simple" />
            <root url="jrt:///Library/Java/JavaVirtualMachines/amazon-corretto-11.jdk/Contents/Home!/java.sql" type="simple" />
            <root url="jrt:///Library/Java/JavaVirtualMachines/amazon-corretto-11.jdk/Contents/Home!/java.sql.rowset" type="simple" />
            <root url="jrt:///Library/Java/JavaVirtualMachines/amazon-corretto-11.jdk/Contents/Home!/java.transaction.xa" type="simple" />
            <root url="jrt:///Library/Java/JavaVirtualMachines/amazon-corretto-11.jdk/Contents/Home!/java.xml" type="simple" />
            <root url="jrt:///Library/Java/JavaVirtualMachines/amazon-corretto-11.jdk/Contents/Home!/java.xml.crypto" type="simple" />
            <root url="jrt:///Library/Java/JavaVirtualMachines/amazon-corretto-11.jdk/Contents/Home!/jdk.accessibility" type="simple" />
            <root url="jrt:///Library/Java/JavaVirtualMachines/amazon-corretto-11.jdk/Contents/Home!/jdk.aot" type="simple" />
            <root url="jrt:///Library/Java/JavaVirtualMachines/amazon-corretto-11.jdk/Contents/Home!/jdk.attach" type="simple" />
            <root url="jrt:///Library/Java/JavaVirtualMachines/amazon-corretto-11.jdk/Contents/Home!/jdk.charsets" type="simple" />
            <root url="jrt:///Library/Java/JavaVirtualMachines/amazon-corretto-11.jdk/Contents/Home!/jdk.compiler" type="simple" />
            <root url="jrt:///Library/Java/JavaVirtualMachines/amazon-corretto-11.jdk/Contents/Home!/jdk.crypto.cryptoki" type="simple" />
            <root url="jrt:///Library/Java/JavaVirtualMachines/amazon-corretto-11.jdk/Contents/Home!/jdk.crypto.ec" type="simple" />
            <root url="jrt:///Library/Java/JavaVirtualMachines/amazon-corretto-11.jdk/Contents/Home!/jdk.dynalink" type="simple" />
            <root url="jrt:///Library/Java/JavaVirtualMachines/amazon-corretto-11.jdk/Contents/Home!/jdk.editpad" type="simple" />
            <root url="jrt:///Library/Java/JavaVirtualMachines/amazon-corretto-11.jdk/Contents/Home!/jdk.hotspot.agent" type="simple" />
            <root url="jrt:///Library/Java/JavaVirtualMachines/amazon-corretto-11.jdk/Contents/Home!/jdk.httpserver" type="simple" />
            <root url="jrt:///Library/Java/JavaVirtualMachines/amazon-corretto-11.jdk/Contents/Home!/jdk.internal.ed" type="simple" />
            <root url="jrt:///Library/Java/JavaVirtualMachines/amazon-corretto-11.jdk/Contents/Home!/jdk.internal.jvmstat" type="simple" />
            <root url="jrt:///Library/Java/JavaVirtualMachines/amazon-corretto-11.jdk/Contents/Home!/jdk.internal.le" type="simple" />
            <root url="jrt:///Library/Java/JavaVirtualMachines/amazon-corretto-11.jdk/Contents/Home!/jdk.internal.opt" type="simple" />
            <root url="jrt:///Library/Java/JavaVirtualMachines/amazon-corretto-11.jdk/Contents/Home!/jdk.internal.vm.ci" type="simple" />
            <root url="jrt:///Library/Java/JavaVirtualMachines/amazon-corretto-11.jdk/Contents/Home!/jdk.internal.vm.compiler" type="simple" />
            <root url="jrt:///Library/Java/JavaVirtualMachines/amazon-corretto-11.jdk/Contents/Home!/jdk.internal.vm.compiler.management" type="simple" />
            <root url="jrt:///Library/Java/JavaVirtualMachines/amazon-corretto-11.jdk/Contents/Home!/jdk.jartool" type="simple" />
            <root url="jrt:///Library/Java/JavaVirtualMachines/amazon-corretto-11.jdk/Contents/Home!/jdk.javadoc" type="simple" />
            <root url="jrt:///Library/Java/JavaVirtualMachines/amazon-corretto-11.jdk/Contents/Home!/jdk.jcmd" type="simple" />
            <root url="jrt:///Library/Java/JavaVirtualMachines/amazon-corretto-11.jdk/Contents/Home!/jdk.jconsole" type="simple" />
            <root url="jrt:///Library/Java/JavaVirtualMachines/amazon-corretto-11.jdk/Contents/Home!/jdk.jdeps" type="simple" />
            <root url="jrt:///Library/Java/JavaVirtualMachines/amazon-corretto-11.jdk/Contents/Home!/jdk.jdi" type="simple" />
            <root url="jrt:///Library/Java/JavaVirtualMachines/amazon-corretto-11.jdk/Contents/Home!/jdk.jdwp.agent" type="simple" />
            <root url="jrt:///Library/Java/JavaVirtualMachines/amazon-corretto-11.jdk/Contents/Home!/jdk.jfr" type="simple" />
            <root url="jrt:///Library/Java/JavaVirtualMachines/amazon-corretto-11.jdk/Contents/Home!/jdk.jlink" type="simple" />
            <root url="jrt:///Library/Java/JavaVirtualMachines/amazon-corretto-11.jdk/Contents/Home!/jdk.jshell" type="simple" />
            <root url="jrt:///Library/Java/JavaVirtualMachines/amazon-corretto-11.jdk/Contents/Home!/jdk.jsobject" type="simple" />
            <root url="jrt:///Library/Java/JavaVirtualMachines/amazon-corretto-11.jdk/Contents/Home!/jdk.jstatd" type="simple" />
            <root url="jrt:///Library/Java/JavaVirtualMachines/amazon-corretto-11.jdk/Contents/Home!/jdk.localedata" type="simple" />
            <root url="jrt:///Library/Java/JavaVirtualMachines/amazon-corretto-11.jdk/Contents/Home!/jdk.management" type="simple" />
            <root url="jrt:///Library/Java/JavaVirtualMachines/amazon-corretto-11.jdk/Contents/Home!/jdk.management.agent" type="simple" />
            <root url="jrt:///Library/Java/JavaVirtualMachines/amazon-corretto-11.jdk/Contents/Home!/jdk.management.jfr" type="simple" />
            <root url="jrt:///Library/Java/JavaVirtualMachines/amazon-corretto-11.jdk/Contents/Home!/jdk.naming.dns" type="simple" />
            <root url="jrt:///Library/Java/JavaVirtualMachines/amazon-corretto-11.jdk/Contents/Home!/jdk.naming.rmi" type="simple" />
            <root url="jrt:///Library/Java/JavaVirtualMachines/amazon-corretto-11.jdk/Contents/Home!/jdk.net" type="simple" />
            <root url="jrt:///Library/Java/JavaVirtualMachines/amazon-corretto-11.jdk/Contents/Home!/jdk.pack" type="simple" />
            <root url="jrt:///Library/Java/JavaVirtualMachines/amazon-corretto-11.jdk/Contents/Home!/jdk.rmic" type="simple" />
            <root url="jrt:///Library/Java/JavaVirtualMachines/amazon-corretto-11.jdk/Contents/Home!/jdk.scripting.nashorn" type="simple" />
            <root url="jrt:///Library/Java/JavaVirtualMachines/amazon-corretto-11.jdk/Contents/Home!/jdk.scripting.nashorn.shell" type="simple" />
            <root url="jrt:///Library/Java/JavaVirtualMachines/amazon-corretto-11.jdk/Contents/Home!/jdk.sctp" type="simple" />
            <root url="jrt:///Library/Java/JavaVirtualMachines/amazon-corretto-11.jdk/Contents/Home!/jdk.security.auth" type="simple" />
            <root url="jrt:///Library/Java/JavaVirtualMachines/amazon-corretto-11.jdk/Contents/Home!/jdk.security.jgss" type="simple" />
            <root url="jrt:///Library/Java/JavaVirtualMachines/amazon-corretto-11.jdk/Contents/Home!/jdk.unsupported" type="simple" />
            <root url="jrt:///Library/Java/JavaVirtualMachines/amazon-corretto-11.jdk/Contents/Home!/jdk.unsupported.desktop" type="simple" />
            <root url="jrt:///Library/Java/JavaVirtualMachines/amazon-corretto-11.jdk/Contents/Home!/jdk.xml.dom" type="simple" />
            <root url="jrt:///Library/Java/JavaVirtualMachines/amazon-corretto-11.jdk/Contents/Home!/jdk.zipfs" type="simple" />
          </root>
        </classPath>
        <javadocPath>
          <root type="composite" />
        </javadocPath>
        <sourcePath>
          <root type="composite">
            <root url="jar:///Library/Java/JavaVirtualMachines/amazon-corretto-11.jdk/Contents/Home/lib/src.zip!/java.se" type="simple" />
            <root url="jar:///Library/Java/JavaVirtualMachines/amazon-corretto-11.jdk/Contents/Home/lib/src.zip!/jdk.aot" type="simple" />
            <root url="jar:///Library/Java/JavaVirtualMachines/amazon-corretto-11.jdk/Contents/Home/lib/src.zip!/jdk.jdi" type="simple" />
            <root url="jar:///Library/Java/JavaVirtualMachines/amazon-corretto-11.jdk/Contents/Home/lib/src.zip!/jdk.jfr" type="simple" />
            <root url="jar:///Library/Java/JavaVirtualMachines/amazon-corretto-11.jdk/Contents/Home/lib/src.zip!/jdk.net" type="simple" />
            <root url="jar:///Library/Java/JavaVirtualMachines/amazon-corretto-11.jdk/Contents/Home/lib/src.zip!/java.rmi" type="simple" />
            <root url="jar:///Library/Java/JavaVirtualMachines/amazon-corretto-11.jdk/Contents/Home/lib/src.zip!/java.sql" type="simple" />
            <root url="jar:///Library/Java/JavaVirtualMachines/amazon-corretto-11.jdk/Contents/Home/lib/src.zip!/java.xml" type="simple" />
            <root url="jar:///Library/Java/JavaVirtualMachines/amazon-corretto-11.jdk/Contents/Home/lib/src.zip!/jdk.jcmd" type="simple" />
            <root url="jar:///Library/Java/JavaVirtualMachines/amazon-corretto-11.jdk/Contents/Home/lib/src.zip!/jdk.pack" type="simple" />
            <root url="jar:///Library/Java/JavaVirtualMachines/amazon-corretto-11.jdk/Contents/Home/lib/src.zip!/jdk.rmic" type="simple" />
            <root url="jar:///Library/Java/JavaVirtualMachines/amazon-corretto-11.jdk/Contents/Home/lib/src.zip!/jdk.sctp" type="simple" />
            <root url="jar:///Library/Java/JavaVirtualMachines/amazon-corretto-11.jdk/Contents/Home/lib/src.zip!/java.base" type="simple" />
            <root url="jar:///Library/Java/JavaVirtualMachines/amazon-corretto-11.jdk/Contents/Home/lib/src.zip!/jdk.jdeps" type="simple" />
            <root url="jar:///Library/Java/JavaVirtualMachines/amazon-corretto-11.jdk/Contents/Home/lib/src.zip!/jdk.jlink" type="simple" />
            <root url="jar:///Library/Java/JavaVirtualMachines/amazon-corretto-11.jdk/Contents/Home/lib/src.zip!/jdk.zipfs" type="simple" />
            <root url="jar:///Library/Java/JavaVirtualMachines/amazon-corretto-11.jdk/Contents/Home/lib/src.zip!/java.prefs" type="simple" />
            <root url="jar:///Library/Java/JavaVirtualMachines/amazon-corretto-11.jdk/Contents/Home/lib/src.zip!/jdk.attach" type="simple" />
            <root url="jar:///Library/Java/JavaVirtualMachines/amazon-corretto-11.jdk/Contents/Home/lib/src.zip!/jdk.jshell" type="simple" />
            <root url="jar:///Library/Java/JavaVirtualMachines/amazon-corretto-11.jdk/Contents/Home/lib/src.zip!/jdk.jstatd" type="simple" />
            <root url="jar:///Library/Java/JavaVirtualMachines/amazon-corretto-11.jdk/Contents/Home/lib/src.zip!/java.naming" type="simple" />
            <root url="jar:///Library/Java/JavaVirtualMachines/amazon-corretto-11.jdk/Contents/Home/lib/src.zip!/jdk.editpad" type="simple" />
            <root url="jar:///Library/Java/JavaVirtualMachines/amazon-corretto-11.jdk/Contents/Home/lib/src.zip!/jdk.jartool" type="simple" />
            <root url="jar:///Library/Java/JavaVirtualMachines/amazon-corretto-11.jdk/Contents/Home/lib/src.zip!/jdk.javadoc" type="simple" />
            <root url="jar:///Library/Java/JavaVirtualMachines/amazon-corretto-11.jdk/Contents/Home/lib/src.zip!/jdk.xml.dom" type="simple" />
            <root url="jar:///Library/Java/JavaVirtualMachines/amazon-corretto-11.jdk/Contents/Home/lib/src.zip!/java.desktop" type="simple" />
            <root url="jar:///Library/Java/JavaVirtualMachines/amazon-corretto-11.jdk/Contents/Home/lib/src.zip!/java.logging" type="simple" />
            <root url="jar:///Library/Java/JavaVirtualMachines/amazon-corretto-11.jdk/Contents/Home/lib/src.zip!/jdk.charsets" type="simple" />
            <root url="jar:///Library/Java/JavaVirtualMachines/amazon-corretto-11.jdk/Contents/Home/lib/src.zip!/jdk.compiler" type="simple" />
            <root url="jar:///Library/Java/JavaVirtualMachines/amazon-corretto-11.jdk/Contents/Home/lib/src.zip!/jdk.dynalink" type="simple" />
            <root url="jar:///Library/Java/JavaVirtualMachines/amazon-corretto-11.jdk/Contents/Home/lib/src.zip!/jdk.jconsole" type="simple" />
            <root url="jar:///Library/Java/JavaVirtualMachines/amazon-corretto-11.jdk/Contents/Home/lib/src.zip!/jdk.jsobject" type="simple" />
            <root url="jar:///Library/Java/JavaVirtualMachines/amazon-corretto-11.jdk/Contents/Home/lib/src.zip!/java.compiler" type="simple" />
            <root url="jar:///Library/Java/JavaVirtualMachines/amazon-corretto-11.jdk/Contents/Home/lib/src.zip!/java.net.http" type="simple" />
            <root url="jar:///Library/Java/JavaVirtualMachines/amazon-corretto-11.jdk/Contents/Home/lib/src.zip!/jdk.crypto.ec" type="simple" />
            <root url="jar:///Library/Java/JavaVirtualMachines/amazon-corretto-11.jdk/Contents/Home/lib/src.zip!/java.scripting" type="simple" />
            <root url="jar:///Library/Java/JavaVirtualMachines/amazon-corretto-11.jdk/Contents/Home/lib/src.zip!/jdk.httpserver" type="simple" />
            <root url="jar:///Library/Java/JavaVirtualMachines/amazon-corretto-11.jdk/Contents/Home/lib/src.zip!/jdk.jdwp.agent" type="simple" />
            <root url="jar:///Library/Java/JavaVirtualMachines/amazon-corretto-11.jdk/Contents/Home/lib/src.zip!/jdk.localedata" type="simple" />
            <root url="jar:///Library/Java/JavaVirtualMachines/amazon-corretto-11.jdk/Contents/Home/lib/src.zip!/jdk.management" type="simple" />
            <root url="jar:///Library/Java/JavaVirtualMachines/amazon-corretto-11.jdk/Contents/Home/lib/src.zip!/jdk.naming.dns" type="simple" />
            <root url="jar:///Library/Java/JavaVirtualMachines/amazon-corretto-11.jdk/Contents/Home/lib/src.zip!/jdk.naming.rmi" type="simple" />
            <root url="jar:///Library/Java/JavaVirtualMachines/amazon-corretto-11.jdk/Contents/Home/lib/src.zip!/java.instrument" type="simple" />
            <root url="jar:///Library/Java/JavaVirtualMachines/amazon-corretto-11.jdk/Contents/Home/lib/src.zip!/java.management" type="simple" />
            <root url="jar:///Library/Java/JavaVirtualMachines/amazon-corretto-11.jdk/Contents/Home/lib/src.zip!/java.sql.rowset" type="simple" />
            <root url="jar:///Library/Java/JavaVirtualMachines/amazon-corretto-11.jdk/Contents/Home/lib/src.zip!/java.xml.crypto" type="simple" />
            <root url="jar:///Library/Java/JavaVirtualMachines/amazon-corretto-11.jdk/Contents/Home/lib/src.zip!/jdk.internal.ed" type="simple" />
            <root url="jar:///Library/Java/JavaVirtualMachines/amazon-corretto-11.jdk/Contents/Home/lib/src.zip!/jdk.internal.le" type="simple" />
            <root url="jar:///Library/Java/JavaVirtualMachines/amazon-corretto-11.jdk/Contents/Home/lib/src.zip!/jdk.unsupported" type="simple" />
            <root url="jar:///Library/Java/JavaVirtualMachines/amazon-corretto-11.jdk/Contents/Home/lib/src.zip!/java.smartcardio" type="simple" />
            <root url="jar:///Library/Java/JavaVirtualMachines/amazon-corretto-11.jdk/Contents/Home/lib/src.zip!/jdk.internal.opt" type="simple" />
            <root url="jar:///Library/Java/JavaVirtualMachines/amazon-corretto-11.jdk/Contents/Home/lib/src.zip!/java.datatransfer" type="simple" />
            <root url="jar:///Library/Java/JavaVirtualMachines/amazon-corretto-11.jdk/Contents/Home/lib/src.zip!/jdk.accessibility" type="simple" />
            <root url="jar:///Library/Java/JavaVirtualMachines/amazon-corretto-11.jdk/Contents/Home/lib/src.zip!/jdk.hotspot.agent" type="simple" />
            <root url="jar:///Library/Java/JavaVirtualMachines/amazon-corretto-11.jdk/Contents/Home/lib/src.zip!/jdk.security.auth" type="simple" />
            <root url="jar:///Library/Java/JavaVirtualMachines/amazon-corretto-11.jdk/Contents/Home/lib/src.zip!/jdk.security.jgss" type="simple" />
            <root url="jar:///Library/Java/JavaVirtualMachines/amazon-corretto-11.jdk/Contents/Home/lib/src.zip!/java.security.jgss" type="simple" />
            <root url="jar:///Library/Java/JavaVirtualMachines/amazon-corretto-11.jdk/Contents/Home/lib/src.zip!/java.security.sasl" type="simple" />
            <root url="jar:///Library/Java/JavaVirtualMachines/amazon-corretto-11.jdk/Contents/Home/lib/src.zip!/jdk.internal.vm.ci" type="simple" />
            <root url="jar:///Library/Java/JavaVirtualMachines/amazon-corretto-11.jdk/Contents/Home/lib/src.zip!/jdk.management.jfr" type="simple" />
            <root url="jar:///Library/Java/JavaVirtualMachines/amazon-corretto-11.jdk/Contents/Home/lib/src.zip!/java.management.rmi" type="simple" />
            <root url="jar:///Library/Java/JavaVirtualMachines/amazon-corretto-11.jdk/Contents/Home/lib/src.zip!/java.transaction.xa" type="simple" />
            <root url="jar:///Library/Java/JavaVirtualMachines/amazon-corretto-11.jdk/Contents/Home/lib/src.zip!/jdk.crypto.cryptoki" type="simple" />
            <root url="jar:///Library/Java/JavaVirtualMachines/amazon-corretto-11.jdk/Contents/Home/lib/src.zip!/jdk.internal.jvmstat" type="simple" />
            <root url="jar:///Library/Java/JavaVirtualMachines/amazon-corretto-11.jdk/Contents/Home/lib/src.zip!/jdk.management.agent" type="simple" />
            <root url="jar:///Library/Java/JavaVirtualMachines/amazon-corretto-11.jdk/Contents/Home/lib/src.zip!/jdk.scripting.nashorn" type="simple" />
            <root url="jar:///Library/Java/JavaVirtualMachines/amazon-corretto-11.jdk/Contents/Home/lib/src.zip!/jdk.unsupported.desktop" type="simple" />
            <root url="jar:///Library/Java/JavaVirtualMachines/amazon-corretto-11.jdk/Contents/Home/lib/src.zip!/jdk.internal.vm.compiler" type="simple" />
            <root url="jar:///Library/Java/JavaVirtualMachines/amazon-corretto-11.jdk/Contents/Home/lib/src.zip!/jdk.scripting.nashorn.shell" type="simple" />
            <root url="jar:///Library/Java/JavaVirtualMachines/amazon-corretto-11.jdk/Contents/Home/lib/src.zip!/jdk.internal.vm.compiler.management" type="simple" />
          </root>
        </sourcePath>
      </roots>
      <additional />
    </jdk>
    <jdk version="2">
      <name value="Python 3.8" />
      <type value="Python SDK" />
      <version value="Python 3.8.2" />
      <homePath value="/usr/local/bin/python3.8" />
      <roots>
        <annotationsPath>
          <root type="composite" />
        </annotationsPath>
        <classPath>
          <root type="composite">
            <root url="file:///Library/Frameworks/Python.framework/Versions/3.8/lib/python3.8" type="simple" />
            <root url="file:///Library/Frameworks/Python.framework/Versions/3.8/lib/python3.8/lib-dynload" type="simple" />
            <root url="file:///Library/Frameworks/Python.framework/Versions/3.8/lib/python3.8/site-packages" type="simple" />
            <root url="file://$USER_HOME$/Library/Caches/JetBrains/IntelliJIdea2020.3/python_stubs/-1199943125" type="simple" />
            <root url="file://$APPLICATION_PLUGINS_DIR$/python/helpers/python-skeletons" type="simple" />
            <root url="file://$APPLICATION_PLUGINS_DIR$/python/helpers/typeshed/stdlib/3.7" type="simple" />
            <root url="file://$APPLICATION_PLUGINS_DIR$/python/helpers/typeshed/stdlib/3" type="simple" />
            <root url="file://$APPLICATION_PLUGINS_DIR$/python/helpers/typeshed/stdlib/2and3" type="simple" />
            <root url="file://$APPLICATION_PLUGINS_DIR$/python/helpers/typeshed/third_party/3" type="simple" />
            <root url="file://$APPLICATION_PLUGINS_DIR$/python/helpers/typeshed/third_party/2and3" type="simple" />
          </root>
        </classPath>
        <javadocPath>
          <root type="composite" />
        </javadocPath>
        <sourcePath>
          <root type="composite" />
        </sourcePath>
      </roots>
      <additional />
    </jdk>
  </component>
</application>