<application>
  <component name="MaterialThemeConfig">
    <option name="contrastMode" value="true" />
    <option name="highContrast" value="true" />
    <option name="highlightColorEnabled" value="true" />
    <option name="isHighlightColorEnabled" value="true" />
    <option name="isContrastMode" value="true" />
    <option name="isHighContrast" value="true" />
    <option name="isWizardShown" value="true" />
    <option name="pristineConfig" value="false" />
    <option name="treeFontSizeEnabled" value="true" />
    <option name="tabFontSizeEnabled" value="true" />
    <option name="useMaterialFont2" value="true" />
    <option name="treeFontSize" value="16" />
    <option name="tabFontSize" value="16" />
    <option name="accentColor" value="ffd866" />
    <option name="selectedTheme" value="MONOKAI" />
    <option name="userId" value="-60c43846:16d3a8a632e:-8000" />
    <option name="version" value="5.5.0" />
  </component>
</application>