<application>
  <component name="ParameterNameHintsSettings">
    <blacklists>
      <blacklist language="TypeScript">
        <added pattern="change(form,field,value,touch,persistentSubmitErrors)" />
      </blacklist>
      <blacklist language="Java" />
      <blacklist language="Angular HTML Template" />
      <blacklist language="JavaScript" />
      <blacklist language="Groovy" />
      <blacklist language="Kotlin" />
      <blacklist language="SQL" />
    </blacklists>
    <disabledLanguages>
      <language id="JAVA" />
      <language id="TypeScript" />
      <language id="Angular2Html" />
      <language id="JavaScript" />
      <language id="Vue" />
      <language id="kotlin" />
      <language id="PHP" />
      <language id="Groovy" />
      <language id="ruby" />
      <language id="SQL" />
    </disabledLanguages>
  </component>
</application>