<application>
  <component name="UpdatesConfigurable">
    <enabledExternalComponentSources>
      <item value="Android SDK" />
    </enabledExternalComponentSources>
    <option name="externalUpdateChannels">
      <map>
        <entry key="Android SDK" value="Stable Channel" />
      </map>
    </option>
    <ignoredBuildNumbers>
      <item value="202.8194.7" />
    </ignoredBuildNumbers>
    <knownExternalComponentSources>
      <item value="Android SDK" />
    </knownExternalComponentSources>
    <option name="LAST_BUILD_CHECKED" value="IU-203.8084.24" />
    <option name="LAST_TIME_CHECKED" value="1621528734697" />
    <option name="THIRD_PARTY_PLUGINS_ALLOWED" value="true" />
  </component>
</application>