<application>
  <component name="GitRememberedInputs">
    <option name="visitedUrls">
      <list>
        <UrlAndUserName>
          <option name="url" value="http://bitbucket.citadelgroup.com" />
          <option name="userName" value="ccanales" />
        </UrlAndUserName>
        <UrlAndUserName>
          <option name="url" value="https://bitbucket.citadelgroup.com/scm/lnc/workbenchtaskmanager.git" />
          <option name="userName" value="" />
        </UrlAndUserName>
        <UrlAndUserName>
          <option name="url" value="https://bitbucket.citadelgroup.com/scm/lnc/lnc.git" />
          <option name="userName" value="" />
        </UrlAndUserName>
        <UrlAndUserName>
          <option name="url" value="https://bitbucket.citadelgroup.com/scm/lnc/cwbcompliancerulesui.git" />
          <option name="userName" value="" />
        </UrlAndUserName>
        <UrlAndUserName>
          <option name="url" value="https://bitbucket.citadelgroup.com/scm/lnc/complianceworkbenchopenfin.git" />
          <option name="userName" value="" />
        </UrlAndUserName>
        <UrlAndUserName>
          <option name="url" value="https://bitbucket.citadelgroup.com/scm/lnc/restrictionsnextgenui.git" />
          <option name="userName" value="" />
        </UrlAndUserName>
        <UrlAndUserName>
          <option name="url" value="https://bitbucket.citadelgroup.com/scm/lnc/lnccommoncomponentsreactui.git" />
          <option name="userName" value="" />
        </UrlAndUserName>
        <UrlAndUserName>
          <option name="url" value="https://github.com/apollographql/fullstack-tutorial.git" />
          <option name="userName" value="" />
        </UrlAndUserName>
        <UrlAndUserName>
          <option name="url" value="https://github.com/lab49/sre-gist-puller.git" />
          <option name="userName" value="" />
        </UrlAndUserName>
        <UrlAndUserName>
          <option name="url" value="http://github.com" />
          <option name="userName" value="carlin.canales@lab49.com" />
        </UrlAndUserName>
        <UrlAndUserName>
          <option name="url" value="https://gitlab.covar.io/brickabode/front-end-demo.git" />
          <option name="userName" value="" />
        </UrlAndUserName>
        <UrlAndUserName>
          <option name="url" value="http://gitlab.covar.io" />
          <option name="userName" value="carlin.canales@iongroup.com" />
        </UrlAndUserName>
        <UrlAndUserName>
          <option name="url" value="git@gitlab.covar.io:lab49/chat-app.git" />
          <option name="userName" value="" />
        </UrlAndUserName>
        <UrlAndUserName>
          <option name="url" value="https://gitlab.covar.io/lab49/chat-app.git" />
          <option name="userName" value="" />
        </UrlAndUserName>
        <UrlAndUserName>
          <option name="url" value="git@github.com:evgeny-nadymov/telegram-react.git" />
          <option name="userName" value="" />
        </UrlAndUserName>
        <UrlAndUserName>
          <option name="url" value="https://gitlab.covar.io/lab49/trading-app.git" />
          <option name="userName" value="" />
        </UrlAndUserName>
        <UrlAndUserName>
          <option name="url" value="https://gitlab.covar.io/lab49/trading-app" />
          <option name="userName" value="" />
        </UrlAndUserName>
        <UrlAndUserName>
          <option name="url" value="git@bitbucket.org:unqork/platform.git" />
          <option name="userName" value="" />
        </UrlAndUserName>
      </list>
    </option>
    <option name="cloneParentDir" value="$USER_HOME$/Desktop/Projects/Unqork" />
  </component>
  <component name="Vcs.Log.App.Settings">
    <option name="SHOW_CHANGES_FROM_PARENTS" value="true" />
    <option name="COLUMN_ID_ORDER">
      <list>
        <option value="Default.Root" />
        <option value="Default.Subject" />
        <option value="Default.Author" />
        <option value="Default.Date" />
        <option value="Default.Hash" />
      </list>
    </option>
    <option name="COLUMN_ID_VISIBILITY">
      <map>
        <entry key="Table.Default.Hash.ColumnIdVisibility" value="true" />
      </map>
    </option>
  </component>
  <component name="VcsApplicationSettings">
    <option name="COMMIT_FROM_LOCAL_CHANGES" value="true" />
  </component>
</application>