<application>
  <component name="VimEditorSettings">
    <editor />
  </component>
  <component name="VimKeySettings">
    <shortcut-conflicts>
      <shortcut-conflict owner="vim">
        <text encoding="base64">Y3RybCBwcmVzc2VkIEI=</text>
      </shortcut-conflict>
      <shortcut-conflict owner="vim">
        <text encoding="base64">Y3RybCBwcmVzc2VkIEY=</text>
      </shortcut-conflict>
      <shortcut-conflict owner="vim">
        <text encoding="base64">Y3RybCBwcmVzc2VkIEo=</text>
      </shortcut-conflict>
      <shortcut-conflict owner="vim">
        <text encoding="base64">Y3RybCBwcmVzc2VkIEQ=</text>
      </shortcut-conflict>
      <shortcut-conflict owner="vim">
        <text encoding="base64">Y3RybCBwcmVzc2VkIEU=</text>
      </shortcut-conflict>
      <shortcut-conflict owner="vim">
        <text encoding="base64">Y3RybCBwcmVzc2VkIEg=</text>
      </shortcut-conflict>
      <shortcut-conflict owner="vim">
        <text encoding="base64">Y3RybCBwcmVzc2VkIFY=</text>
      </shortcut-conflict>
      <shortcut-conflict owner="vim">
        <text encoding="base64">Y3RybCBwcmVzc2VkIFI=</text>
      </shortcut-conflict>
      <shortcut-conflict owner="vim">
        <text encoding="base64">Y3RybCBwcmVzc2VkIEc=</text>
      </shortcut-conflict>
      <shortcut-conflict owner="vim">
        <text encoding="base64">Y3RybCBwcmVzc2VkIFM=</text>
      </shortcut-conflict>
      <shortcut-conflict owner="vim">
        <text encoding="base64">Y3RybCBwcmVzc2VkIE8=</text>
      </shortcut-conflict>
      <shortcut-conflict owner="vim">
        <text encoding="base64">Y3RybCBwcmVzc2VkIDI=</text>
      </shortcut-conflict>
      <shortcut-conflict owner="vim">
        <text encoding="base64">Y3RybCBwcmVzc2VkIEE=</text>
      </shortcut-conflict>
    </shortcut-conflicts>
  </component>
  <component name="VimSettings">
    <state version="7" enabled="true" />
    <notifications>
      <idea-join enabled="true" />
      <idea-put enabled="false" />
    </notifications>
  </component>
</application>