<code_scheme name="Default" version="173">
  <option name="RIGHT_MARGIN" value="300" />
  <JSCodeStyleSettings version="0">
    <option name="SPACE_WITHIN_ARRAY_INITIALIZER_BRACKETS" value="true" />
    <option name="SPACES_WITHIN_IMPORTS" value="true" />
  </JSCodeStyleSettings>
  <TypeScriptCodeStyleSettings version="0">
    <option name="FORCE_SEMICOLON_STYLE" value="true" />
    <option name="USE_DOUBLE_QUOTES" value="false" />
    <option name="FORCE_QUOTE_STYlE" value="true" />
  </TypeScriptCodeStyleSettings>
  <codeStyleSettings language="JavaScript">
    <option name="WRAP_COMMENTS" value="true" />
    <indentOptions>
      <option name="INDENT_SIZE" value="2" />
      <option name="CONTINUATION_INDENT_SIZE" value="2" />
      <option name="TAB_SIZE" value="2" />
    </indentOptions>
  </codeStyleSettings>
</code_scheme>