<keymap version="1" name="macOS copy 2" parent="Mac OS X 10.5+">
  <action id="ActivateCodeStreamToolWindow">
    <keyboard-shortcut first-keystroke="meta 7" />
  </action>
  <action id="ActivateFavoritesToolWindow" />
  <action id="ActivateFindToolWindow" />
  <action id="ActivateProblemsViewToolWindow" />
  <action id="ActivateStructureToolWindow" />
  <action id="ActivateTerminalToolWindow">
    <keyboard-shortcut first-keystroke="meta 2" />
  </action>
  <action id="CloseAllEditors">
    <keyboard-shortcut first-keystroke="shift ctrl a" />
  </action>
  <action id="CloseAllEditorsButActive">
    <keyboard-shortcut first-keystroke="shift ctrl o" />
  </action>
  <action id="CloseAllUnmodifiedEditors">
    <keyboard-shortcut first-keystroke="ctrl alt u" />
  </action>
  <action id="FileChooser.GotoModule" />
  <action id="Git.Fetch">
    <keyboard-shortcut first-keystroke="shift meta j" />
  </action>
  <action id="Git.Pull">
    <keyboard-shortcut first-keystroke="shift meta p" />
  </action>
  <action id="Javascript.Linters.EsLint.Fix">
    <keyboard-shortcut first-keystroke="shift meta alt o" />
  </action>
  <action id="NewFile">
    <keyboard-shortcut first-keystroke="shift meta n" />
  </action>
  <action id="NewScratchFile" />
  <action id="ShowNpmScripts">
    <keyboard-shortcut first-keystroke="meta 3" />
  </action>
</keymap>